{"schemaVersion":"1.0","appDefinitionTemplate":{"id":"/providers/Microsoft.PowerApps/apps/","type":"Microsoft.PowerApps/apps","tags":{"primaryDeviceWidth":"1366","primaryDeviceHeight":"768","sienaVersion":"20210721T075748Z-3.21064.25.0","deviceCapabilities":"","supportsPortrait":"false","supportsLandscape":"true","primaryFormFactor":"Tablet","publisherVersion":"3.21064.25","minimumRequiredApiVersion":"2.2.0","hasComponent":"true","hasUnlockedComponent":"false","isUnifiedRootApp":"false"},"properties":{"appVersion":"2021-07-21T07:57:48Z","lifeCycleId":"Published","createdByClientVersion":{"major":3,"minor":21064,"build":25,"revision":0,"majorRevision":0,"minorRevision":0},"minClientVersion":{"major":3,"minor":21064,"build":25,"revision":0,"majorRevision":0,"minorRevision":0},"backgroundColor":"rgba(0, 176, 240, 1)","backgroundImageUri":"/18437229190849745598/N03c569df-fc33-4452-900f-15bea46163cd-logoSmallFile","displayName":"Dynamic Dialogues in Power Apps","description":"","commitMessage":"","appUris":{"documentUri":{"value":"/18437229190849745598/Nf93cac97-4cb5-4310-b0d3-590f8f65a04f-document.msapp"},"imageUris":[],"additionalUris":[]},"createdTime":"0001-01-01T00:00:00Z","lastModifiedTime":"0001-01-01T00:00:00Z","sharedGroupsCount":0,"sharedUsersCount":0,"connectionReferences":{"6be5d676-e90d-4faa-84ae-f60071657409":{"id":"5745a338-a18c-4755-aed0-717dbf6ace43","displayName":"SharePoint","iconUri":"https://connectoricons-prod.azureedge.net/releases/v1.0.1487/1.0.1487.2472/sharepointonline/icon.png","dataSources":["Manufacturers Details","Company Device Orders","Device Information"],"dependencies":[],"dependents":[],"parameterHints":{},"isOnPremiseConnection":false,"bypassConsent":false,"dataSets":{"https://kvnteams.sharepoint.com/sites/Practice":{"dataSources":{"Manufacturers Details":{"tableName":"2ad8c53f-96b4-4acc-9dd3-ded0120eab00"},"Company Device Orders":{"tableName":"5c791cf6-1be3-46c3-a823-22b7b081e3c4"},"Device Information":{"tableName":"8854e223-9db7-4815-953b-93d7959c4041"}}}},"apiTier":"Standard","isCustomApiConnection":false,"actions":["providers/PowerPlatform.Governance/Operations/Read","providers/PowerPlatform.Governance/Operations/Write","providers/PowerPlatform.Governance/Operations/Delete"]}},"databaseReferences":{},"almMode":"Environment","performanceOptimizationEnabled":true,"canConsumeAppPass":true,"executionRestrictions":{"isTeamsOnly":false,"dataLossPreventionEvaluationResult":{"status":"Compliant","lastEvaluationDate":"2021-07-21T05:14:53.2055167Z","violations":[],"violationsByPolicy":[],"violationErrorMessage":"The app uses the following connectors: shared_sharepointonline."}}},"appType":"ClassicCanvasApp","appComponents":[]}}